V1,primer_seq,symbol,GC,TM,redundancy_score,chain,chrom,refStart,refEnd
1,ACTTACAGGGCAGCACGGAC,TRAJ26,60,62.96,492.439682071217,TRA,chr14,22518491,22518511
10,GGGGTGTGACCAACAGCGA,TRAJ41,63.16,62.98,306.024346047807,TRA,chr14,22497699,22497718
12,TGACTTACTTGGAATGACCGTCAAACT,TRAJ49,40.74,63.26,157.74999063747,TRA,chr14,22489524,22489551
14,CTGGCCCTATTTTCGAGTACAAAAGG,TRAJ19,46.15,62.58,129.047661632364,TRA,chr14,22525334,22525360
15,AGGTTTGACAGAGTTAACACGAAGACT,TRAJ38,40.74,62.99,37.2822251064902,TRA,chr14,22502295,22502322
17,GGCTAGAAACACTTACTTGCAATCACA,TRAJ29,40.74,62.64,239.87835903162,TRA,chr14,22513987,22514014
18,CTAATGGTTTGATTGATTGCCCCTGAA,TRAJ27,40.74,62.74,275.735200117957,TRA,chr14,22516359,22516386
20,ATCCCAGCTCACTTACTTGGTATGAC,TRAJ7,46.15,62.85,1497.12130642002,TRA,chr14,22537670,22537696
21,TTTATGTGCTCCAAATGTTACGGTCTG,TRAJ13,40.74,62.69,195.279038967178,TRA,chr14,22531185,22531212
22,CAAAGAAGAAATAGTTGTCCGTCCTCC,TRAJ3,44.44,62.47,123.391572093744,TRA,chr14,22543267,22543294
23,CACCTGTTTTCTCATAGACAAGTGGTC,TRAJ4,44.44,62.42,272.865104634251,TRA,chr14,22542300,22542327
24,ATACTCACTTGCTAAAACCTTCAGCCT,TRAJ40,40.74,63.13,143.434123505555,TRA,chr14,22499730,22499757
27,GAACAGAGTGGATAACTGCACTTCAC,TRAJ37,46.15,62.51,489.586049871316,TRA,chr14,22503831,22503857
28,TAAGGGTGGCTGTCGCTTCC,TRAJ32,60,62.69,632.943663912717,TRA,chr14,22509456,22509476
30,GGGACCTAATTTGTCGTGCTAAGACA,TRAJ55,46.15,63.48,141.333190744335,TRA,chr14,22481829,22481855
35,ATGGGCAGACGTACGGGGA,TRAJ1,63.16,63.49,73.9346930866756,TRA,chr14,22545093,22545112
36,TCAGGTCAGCTTTTAAGATTGACCCAT,TRAJ43,40.74,63.14,280.809951998179,TRA,chr14,22495979,22496006
38,CTAAGTTTGGGTACTTACTTGGTTGCA,TRAJ5,40.74,62.13,351.525008390821,TRA,chr14,22540297,22540324
39,TTCCTAGGTGAAATTGCTGAAAAACCT,TRAJ20,37.04,62.1,325.865908897718,TRA,chr14,22524429,22524456
41,AGAAGCCATATCTCAATTCATTGGCAT,TRAJ58,37.04,61.94,436.372994353338,TRA,chr14,22477816,22477843
43,GCATGCTACACTTTGTGCATTATTCAA,TRAJ33,37.04,62.04,166.252987325109,TRA,chr14,22508700,22508727
45,CCGAGCGTGACCTGAAGTCT,TRAJ44,60,62.37,68.408281609428,TRA,chr14,22494864,22494884
47,CAGAATTTCCAGTATACTGCTGTGTCT,TRAJ52,40.74,61.59,244.589518379431,TRA,chr14,22486308,22486335
48,AGGTAAGGACTTACAGGGAATAACGGT,TRAJ36,44.44,63.65,209.679901930211,TRA,chr14,22505155,22505182
49,ATACGGCACATTGAATTGCAAATTGAT,TRAJ17,33.33,61.85,179.941930964798,TRA,chr14,22526943,22526970
50,ATATGATTTACGGACATAACAGCCCAC,TRAJ35,40.74,61.96,835.970658876728,TRA,chr14,22506726,22506753
51,TGCAGATTTGACTTACTTGGACTGACC,TRAJ8,44.44,63.78,205.263574180527,TRA,chr14,22536193,22536220
53,GCACAGTCATTTAAGCCCTAATGTATG,TRAJ50,40.74,61.25,101.819937854126,TRA,chr14,22488702,22488729
54,TTAGGTATAGAGGGGTTCCGCTAAAG,TRAJ60,46.15,61.96,87.8178941141558,TRA,chr14,22476387,22476413
55,CCCTGTCATACTTACTTGGGTTGATAG,TRAJ54,44.44,61.43,201.387524632661,TRA,chr14,22482334,22482361
56,CAGTGGGAGTTAATGTCAGAAAATCAC,TRAJ30,40.74,61.09,309.533359681092,TRA,chr14,22512923,22512950
57,AGGATAACACGCAATACATATGGAAGC,TRAJ11,40.74,62.22,51.6633692759695,TRA,chr14,22532610,22532637
59,CAGACTTACATGGGTTTACTGTCAGTT,TRAJ57,40.74,61.7,495.23446050115,TRA,chr14,22478916,22478943
63,AAATACTGCAGTAAGTTTAGTGGGTCT,TRAJ14,37.04,61.01,200.760452673855,TRA,chr14,22530426,22530453
64,AACTTCACGGGATTTATTTGTTTGGTC,TRAJ31,37.04,61.47,78.3349860728414,TRA,chr14,22511051,22511078
65,ATACTTACACGGATGAACAATAAGGCT,TRAJ6,37.04,61.17,58.9583175340492,TRA,chr14,22539115,22539142
66,GAGGGGCAAGTAATTAAATCAGAAGTG,TRAJ53,40.74,60.94,77.4188668527541,TRA,chr14,22483106,22483133
70,TCGGGAAGAATAATTAGCCAGAAAGAA,TRAJ28,37.04,61.12,66.2939445565373,TRA,chr14,22515696,22515723
71,TGAGTGTGTTTTATACTCACAGGACTT,TRAJ47,37.04,60.95,246.54884309193,TRA,chr14,22492900,22492927
72,GTGTTGGTAACTTTTTCTTCTAGGCAA,TRAJ21,37.04,60.94,922.196924930357,TRA,chr14,22523665,22523692
73,TAGAGCATTCATTATGGATTCAGCAGA,TRAJ39,37.04,61.01,274.705717292897,TRA,chr14,22501672,22501699
74,CTTTTCTTCCACTTATTGTCACCAGAA,TRAJ10,37.04,60.51,552.862842707601,TRA,chr14,22533595,22533622
75,CAGGAGATTCGGTTATCTTTCACTGA,TRAJ56,42.31,61.15,31.0468661041156,TRA,chr14,22479637,22479663
76,AGGTTATTTCATGGAACTTACTTGCTT,TRAJ9,33.33,60.08,729.114650761912,TRA,chr14,22535608,22535635
77,AGACATGAAGACATTTTACCCTCAATC,TRAJ12,37.04,60.19,294.42168114113,TRA,chr14,22532028,22532055
78,AGTCCACTTAGATTTCCAAAAAAGCTT,TRAJ16,33.33,60.46,482.138178990519,TRA,chr14,22528639,22528666
79,ATATTTTCCTGGAATAGAAAGCGACTC,TRAJ18,37.04,60.08,57.2654344832643,TRA,chr14,22525721,22525748
80,GTGCAAATAGTATTTAATTGAGGCAGC,TRAJ22,37.04,60.35,200.802953578095,TRA,chr14,22522106,22522133
81,ATGGTGTATAATTGGGTCTAAATCAGC,TRAJ23,37.04,60.08,284.828552038875,TRA,chr14,22520527,22520554
82,CCTCTTGGAGATAATCATATTCAGCAC,TRAJ25,40.74,60.19,152.948072981202,TRA,chr14,22518893,22518920
83,CTCCTTGGTTTCTAGTACTTACTTGGA,TRAJ34,40.74,60.57,307.558199275091,TRA,chr14,22507718,22507745
84,CCAACACTTACTTGGTTTAACAGAGAG,TRAJ42,40.74,60.78,446.019517090285,TRA,chr14,22496936,22496963
85,GGCTAGAACAAATAATAGGAAAAGGCA,TRAJ46,37.04,60.46,482.631349016834,TRA,chr14,22493494,22493521
86,CATCTCTACTATGATCCCCAGAATCTT,TRAJ48,40.74,60.13,92.7556251232038,TRA,chr14,22490591,22490618
87,GACACCTTTGGTTTAAAGATAGCTTCA,TRAJ59,37.04,60.57,205.221302306312,TRA,chr14,22476603,22476630
88,TGTTAAGGCACATTAGAATCTCTCACT,TRAJ61,37.04,60.84,222.993514110457,TRA,chr14,22475420,22475447
98,CCATGGGGTTGCACGTGG,TRAJ2,66.67,61.87,401.621396767083,TRA,chr14,22544156,22544174
100,GCCAAGGTTTAGAAATGTCCCCA,TRAJ45,47.83,61.6,1473.61994818848,TRA,chr14,22494035,22494058
101,TTTGACTCTCTTAGAATCCCTACAGG,TRAJ51,42.31,60.15,227.886902607792,TRA,chr14,22487324,22487350
104,CTGGGGTGACCACAACCTG,TRAJ24,63.16,60.74,941.313730397322,TRA,chr14,22520012,22520031
